{
    "accuracy": 0.7831325301204819,
    "precision": 0.772420443587271,
    "recall": 0.7891625615763547,
    "auc": 0.8703768937633609
}